# LOYALTY	transactionId	customerEmail	points	type	description	referenceId	createdAt
LOYALTY	TE9ZLTIwMjYwNzExMTMxNzM2LUQ1QkZCRA==	bmFzc2FyQGdtYWlsLmNvbQ==	47	RUFSTkVE	Qk1XIE01IFNlZGFuIHJlbnRhbCBjb21wbGV0ZWQ=	Uk5ULTIwMjYwNzExMTMxNzM2LTE1NzY4Ng==	MjAyNi0wNy0xMVQxMzoxNzozNi45NzIyNjM3MDA=
LOYALTY	TE9ZLTIwMjYwNzExMTM0NjI3LTk2NUI1Qw==	bmFzc2FyQGdtYWlsLmNvbQ==	64	RUFSTkVE	Qk1XIFg3IE02MGkgcmVudGFsIGNvbXBsZXRlZA==	Uk5ULTIwMjYwNzExMTM0NjI3LTY4MTg4NQ==	MjAyNi0wNy0xMVQxMzo0NjoyNy43MTU1NTU1MDA=
LOYALTY	TE9ZLTIwMjYwNzExMTQwMTIxLTFGQjdBRQ==	bmFzc2FyQGdtYWlsLmNvbQ==	131	RUFSTkVE	Qk1XIE0yIENTIHJlbnRhbCBjb21wbGV0ZWQ=	Uk5ULTIwMjYwNzExMTQwMTIxLTY5OERCNQ==	MjAyNi0wNy0xMVQxNDowMToyMS40NjA4MTM4MDA=
LOYALTY	TE9ZLTIwMjYwNzExMTQzODExLTg4QkEzMw==	bmFzc2FyQGdtYWlsLmNvbQ==	-300	UkVERUVNRUQ=	UmVkZWVtZWQgMTAlIFJlbnRhbCBEaXNjb3VudA==	MTAlIFJlbnRhbCBEaXNjb3VudA==	MjAyNi0wNy0xMVQxNDozODoxMS45Mjg4ODc4MDA=
LOYALTY	TE9ZLTIwMjYwNzEyMTgwNjIzLTA1NzVBNQ==	bmFzc2FyQGdtYWlsLmNvbQ==	20	RUFSTkVE	Qk1XIFg2IE02MGkgcmVudGFsIGNvbXBsZXRlZA==	Uk5ULTIwMjYwNzEyMTgwNjIzLUUyQzNGMw==	MjAyNi0wNy0xMlQxODowNjoyMy41NTAwNDA3MDA=
LOYALTY	TE9ZLTIwMjYwNzEyMTgxMDE2LUU2QzBGOQ==	cmFtaUBnbWFpbC5jb20=	23	RUFSTkVE	Qk1XIGlYIE03MCByZW50YWwgY29tcGxldGVk	Uk5ULTIwMjYwNzEyMTgxMDE2LTlEQkVGOA==	MjAyNi0wNy0xMlQxODoxMDoxNi41Mzg0NzE4MDA=
LOYALTY	TE9ZLTIwMjYwNzEyMTgxMDI5LThDMUFGMg==	cmFtaUBnbWFpbC5jb20=	10	RUFSTkVE	Qk1XIFgxIE0zNWkgcmVudGFsIGNvbXBsZXRlZA==	Uk5ULTIwMjYwNzEyMTgxMDI5LUU0Mzg4Qg==	MjAyNi0wNy0xMlQxODoxMDoyOS4zNzkzMzg4MDA=
LOYALTY	TE9ZLTIwMjYwNzEyMTgxMDU0LTVFN0YwMQ==	cmFtaUBnbWFpbC5jb20=	19	RUFSTkVE	Qk1XIE0zIFNlZGFuIHJlbnRhbCBjb21wbGV0ZWQ=	Uk5ULTIwMjYwNzEyMTgxMDU0LUZCMkRFMw==	MjAyNi0wNy0xMlQxODoxMDo1NC4yODI5NjM5MDA=
LOYALTY	TE9ZLTIwMjYwNzEyMTgxMTA1LTdEMjc0RA==	cmFtaUBnbWFpbC5jb20=	23	RUFSTkVE	Qk1XIE00IENvbXBldGl0aW9uIENvbnZlcnRpYmxlIHJlbnRhbCBjb21wbGV0ZWQ=	Uk5ULTIwMjYwNzEyMTgxMTA1LTJGNEUwRQ==	MjAyNi0wNy0xMlQxODoxMTowNS4yMDIwODM4MDA=
