# PAYMENT	paymentId	invoiceId	rentalId	customerEmail	amount	method	status	createdAt
PAYMENT	UEFZLTIwMjYwNzExMTMxNzM2LThBRjZCRA==	SU5WLTEwMTM=	Uk5ULTIwMjYwNzExMTMxNzM2LTE1NzY4Ng==	bmFzc2FyQGdtYWlsLmNvbQ==	946.0	Q2FyZA==	Q09NUExFVEVE	MjAyNi0wNy0xMVQxMzoxNzozNi45NzExNDEyMDA=
PAYMENT	UEFZLTIwMjYwNzExMTM0NjI3LUEwQUJEMQ==	SU5WLTEwMDE=	Uk5ULTIwMjYwNzExMTM0NjI3LTY4MTg4NQ==	bmFzc2FyQGdtYWlsLmNvbQ==	1287.0	Q2FyZA==	Q09NUExFVEVE	MjAyNi0wNy0xMVQxMzo0NjoyNy43MTQzNjU2MDA=
PAYMENT	UEFZLTIwMjYwNzExMTQwMTIxLUYwOUFDMg==	SU5WLTEwMDI=	Uk5ULTIwMjYwNzExMTQwMTIxLTY5OERCNQ==	bmFzc2FyQGdtYWlsLmNvbQ==	2618.0	Q2FyZA==	Q09NUExFVEVE	MjAyNi0wNy0xMVQxNDowMToyMS40NTg3NjcxMDA=
PAYMENT	UEFZLTIwMjYwNzEyMTgwNjIzLTIwQjVGNw==	SU5WLTEwMDM=	Uk5ULTIwMjYwNzEyMTgwNjIzLUUyQzNGMw==	bmFzc2FyQGdtYWlsLmNvbQ==	396.0	Q2FyZA==	Q09NUExFVEVE	MjAyNi0wNy0xMlQxODowNjoyMy41NDg2OTI=
PAYMENT	UEFZLTIwMjYwNzEyMTgxMDE2LUY5RThEQg==	SU5WLTEwMDE=	Uk5ULTIwMjYwNzEyMTgxMDE2LTlEQkVGOA==	cmFtaUBnbWFpbC5jb20=	451.0	Q2FyZA==	Q09NUExFVEVE	MjAyNi0wNy0xMlQxODoxMDoxNi41MzczNzg0MDA=
PAYMENT	UEFZLTIwMjYwNzEyMTgxMDI5LTQwMkRGNg==	SU5WLTEwMDI=	Uk5ULTIwMjYwNzEyMTgxMDI5LUU0Mzg4Qg==	cmFtaUBnbWFpbC5jb20=	209.0	Q2FyZA==	Q09NUExFVEVE	MjAyNi0wNy0xMlQxODoxMDoyOS4zNzgzNDI2MDA=
PAYMENT	UEFZLTIwMjYwNzEyMTgxMDU0LTE4MzgzNg==	SU5WLTEwMDM=	Uk5ULTIwMjYwNzEyMTgxMDU0LUZCMkRFMw==	cmFtaUBnbWFpbC5jb20=	385.0	Q2FyZA==	Q09NUExFVEVE	MjAyNi0wNy0xMlQxODoxMDo1NC4yODE5NDIxMDA=
PAYMENT	UEFZLTIwMjYwNzEyMTgxMTA1LUIxMzhCNA==	SU5WLTEwMDQ=	Uk5ULTIwMjYwNzEyMTgxMTA1LTJGNEUwRQ==	cmFtaUBnbWFpbC5jb20=	451.0	Q2FyZA==	Q09NUExFVEVE	MjAyNi0wNy0xMlQxODoxMTowNS4yMDEwMDAzMDA=
PAYMENT	UEFZLTIwMjYwNzE4MDIwNTQ3LUZEQjU4Mg==	SU5WLTEwMDQ=	Uk5ULTIwMjYwNzE4MDIwNTQ3LTBCMzlGOQ==	bmFzc2FyQGdtYWlsLmNvbQ==	396.0	Q2FyZA==	Q09NUExFVEVE	MjAyNi0wNy0xOFQwMjowNTo0Ny4yMTU2NjIxMDA=
