RENTAL	Uk5ULTEwMDE=	Sm9obiBEb2U=	Qk1XIFhNIExhYmVs	VGh1bmRlcm5pZ2h0IFB1cnBsZQ==	MDUgSnVsIDIwMjYKMTA6MDAgQU0=	MDUgSnVsIDIwMjYKOTo0NSBBTQ==	LQ==	0	UmV0dXJuZWQ=	am9obi5kb2VAZW1haWwuY29t	Kzk3MCA1OSAxMDAgMTAwMA==	L2ltYWdlcy92ZWhpY2xlcy9WTS0wMDAxLmpwZw==	Qk1XIFhNIExhYmVs	V0JBVk1WTTAwMDFCTVdYTUw=	1040	300	520
RENTAL	Uk5ULTEwMDI=	TWljaGFlbCBTbWl0aA==	Qk1XIFhNIDUwZQ==	QWxwaW5lIFdoaXRl	MDYgSnVsIDIwMjYKMTA6MDAgQU0=	LQ==	MmggMzBt	95	TGF0ZQ==	bWljaGFlbC5zbWl0aEBlbWFpbC5jb20=	Kzk3MCA1OSAxMDEgMTAwMQ==	L2ltYWdlcy92ZWhpY2xlcy9WTS0wMDAyLmpwZw==	Qk1XIFhNIDUwZQ==	V0JBVk1WTTAwMDJCTVdYTTU=	1290	0	430
RENTAL	Uk5ULTEwMDM=	U2FyYWggSm9obnNvbg==	Qk1XIFg3IE02MGk=	QWxwaW5lIFdoaXRl	MDcgSnVsIDIwMjYKMTA6MDAgQU0=	LQ==	LQ==	0	QWN0aXZl	c2FyYWguam9obnNvbkBlbWFpbC5jb20=	Kzk3MCA1OSAxMDIgMTAwMg==	L2ltYWdlcy92ZWhpY2xlcy9WTS0wMDAzLmpwZw==	Qk1XIFg3IE02MGk=	V0JBVk1WTTAwMDNCTVdYN00=	1560	0	390
RENTAL	Uk5ULTEwMDQ=	RGF2aWQgQnJvd24=	Qk1XIFg2IE0gQ29tcGV0aXRpb24=	VGh1bmRlcm5pZ2h0IFB1cnBsZQ==	MDggSnVsIDIwMjYKMTA6MDAgQU0=	LQ==	LQ==	0	QWN0aXZl	ZGF2aWQuYnJvd25AZW1haWwuY29t	Kzk3MCA1OSAxMDMgMTAwMw==	L2ltYWdlcy92ZWhpY2xlcy9WTS0wMDA0LmpwZw==	Qk1XIFg2IE0gQ29tcGV0aXRpb24=	V0JBVk1WTTAwMDRCTVdYNk0=	2350	300	470
RENTAL	Uk5ULTEwMDU=	RW1pbHkgRGF2aXM=	Qk1XIFg2IE02MGk=	VG9yb250byBSZWQ=	MDkgSnVsIDIwMjYKMTA6MDAgQU0=	LQ==	LQ==	0	QWN0aXZl	ZW1pbHkuZGF2aXNAZW1haWwuY29t	Kzk3MCA1OSAxMDQgMTAwNA==	L2ltYWdlcy92ZWhpY2xlcy9WTS0wMDA1LmpwZw==	Qk1XIFg2IE02MGk=	V0JBVk1WTTAwMDVCTVdYNk0=	2160	0	360
RENTAL	Uk5ULTEwMDY=	SmFtZXMgV2lsc29u	Qk1XIFg1IE0gQ29tcGV0aXRpb24=	VG9yb250byBSZWQ=	MTAgSnVsIDIwMjYKMTA6MDAgQU0=	LQ==	LQ==	0	QWN0aXZl	amFtZXMud2lsc29uQGVtYWlsLmNvbQ==	Kzk3MCA1OSAxMDUgMTAwNQ==	L2ltYWdlcy92ZWhpY2xlcy9WTS0wMDA2LmpwZw==	Qk1XIFg1IE0gQ29tcGV0aXRpb24=	V0JBVk1WTTAwMDZCTVdYNU0=	880	0	440
RENTAL	Uk5ULTEwMDc=	T2xpdmlhIE1hcnRpbmV6	Qk1XIFg1IE02MGUgeERyaXZl	VG9yb250byBSZWQ=	MTEgSnVsIDIwMjYKMTA6MDAgQU0=	MDUgSnVsIDIwMjYKOTo0NSBBTQ==	LQ==	0	UmV0dXJuZWQ=	b2xpdmlhLm1hcnRpbmV6QGVtYWlsLmNvbQ==	Kzk3MCA1OSAxMDYgMTAwNg==	L2ltYWdlcy92ZWhpY2xlcy9WTS0wMDA3LmpwZw==	Qk1XIFg1IE02MGUgeERyaXZl	V0JBVk1WTTAwMDdCTVdYNU0=	1020	300	340
RENTAL	Uk5ULTEwMDg=	RGFuaWVsIFdoaXRl	Qk1XIFgzIE01MA==	QmxhY2sgU2FwcGhpcmU=	MTIgSnVsIDIwMjYKMTA6MDAgQU0=	LQ==	MmggMzBt	145	TGF0ZQ==	ZGFuaWVsLndoaXRlQGVtYWlsLmNvbQ==	Kzk3MCA1OSAxMDcgMTAwNw==	L2ltYWdlcy92ZWhpY2xlcy9WTS0wMDA4LmpwZw==	Qk1XIFgzIE01MA==	V0JBVk1WTTAwMDhCTVdYM00=	1040	0	260
RENTAL	Uk5ULTEwMDk=	TGluYSBLaGFsZWQ=	Qk1XIFgyIE0zNWk=	RnJvemVuIEdyZXk=	MTMgSnVsIDIwMjYKMTA6MDAgQU0=	LQ==	LQ==	0	QWN0aXZl	bGluYS5raGFsZWRAZW1haWwuY29t	Kzk3MCA1OSAxMDggMTAwOA==	L2ltYWdlcy92ZWhpY2xlcy9WTS0wMDA5LmpwZw==	Qk1XIFgyIE0zNWk=	V0JBVk1WTTAwMDlCTVdYMk0=	1050	0	210
RENTAL	Uk5ULTEwMTA=	QWRhbSBOYXNlcg==	Qk1XIFgxIE0zNWk=	QWxwaW5lIFdoaXRl	MTQgSnVsIDIwMjYKMTA6MDAgQU0=	LQ==	LQ==	0	QWN0aXZl	YWRhbS5uYXNlckBlbWFpbC5jb20=	Kzk3MCA1OSAxMDkgMTAwOQ==	L2ltYWdlcy92ZWhpY2xlcy9WTS0wMDEwLmpwZw==	Qk1XIFgxIE0zNWk=	V0JBVk1WTTAwMTBCTVdYMU0=	1140	300	190
RENTAL	Uk5ULTEwMTE=	TWF5YSBTYWxlaA==	Qk1XIGlYIE03MA==	RnJvemVuIEdyZXk=	MDUgSnVsIDIwMjYKMTA6MDAgQU0=	LQ==	LQ==	0	QWN0aXZl	bWF5YS5zYWxlaEBlbWFpbC5jb20=	Kzk3MCA1OSAxMTAgMTAxMA==	L2ltYWdlcy92ZWhpY2xlcy9WTS0wMDExLmpwZw==	Qk1XIGlYIE03MA==	V0JBVk1WTTAwMTFCTVdJWE0=	820	0	410
RENTAL	Uk5ULTEwMTI=	UmFtaSBIYXNhbg==	Qk1XIGk3IE03MCB4RHJpdmU=	RnJvemVuIEdyZXk=	MDYgSnVsIDIwMjYKMTA6MDAgQU0=	LQ==	LQ==	0	QWN0aXZl	cmFtaS5oYXNhbkBlbWFpbC5jb20=	Kzk3MCA1OSAxMTEgMTAxMQ==	L2ltYWdlcy92ZWhpY2xlcy9WTS0wMDEyLmpwZw==	Qk1XIGk3IE03MCB4RHJpdmU=	V0JBVk1WTTAwMTJCTVdJN00=	1440	0	480
RENTAL	Uk5ULTEwMTM=	Tm9haCBBbmRlcnNvbg==	Qk1XIE03NjBlIHhEcml2ZQ==	SXNsZSBvZiBNYW4gR3JlZW4=	MDcgSnVsIDIwMjYKMTA6MDAgQU0=	MDUgSnVsIDIwMjYKOTo0NSBBTQ==	LQ==	0	UmV0dXJuZWQ=	bm9haC5hbmRlcnNvbkBlbWFpbC5jb20=	Kzk3MCA1OSAxMTIgMTAxMg==	L2ltYWdlcy92ZWhpY2xlcy9WTS0wMDEzLmpwZw==	Qk1XIE03NjBlIHhEcml2ZQ==	V0JBVk1WTTAwMTNCTVdNNzY=	1820	300	455
RENTAL	Uk5ULTEwMTQ=	QXZhIFRob21wc29u	Qk1XIE01IFNlZGFu	RnJvemVuIEdyZXk=	MDggSnVsIDIwMjYKMTA6MDAgQU0=	LQ==	MmggMzBt	95	TGF0ZQ==	YXZhLnRob21wc29uQGVtYWlsLmNvbQ==	Kzk3MCA1OSAxMTMgMTAxMw==	L2ltYWdlcy92ZWhpY2xlcy9WTS0wMDE0LmpwZw==	Qk1XIE01IFNlZGFu	V0JBVk1WTTAwMTRCTVdNNVM=	2150	0	430
RENTAL	Uk5ULTEwMTU=	TGlhbSBKb2huc29u	Qk1XIE01IFRvdXJpbmc=	QmxhY2sgU2FwcGhpcmU=	MDkgSnVsIDIwMjYKMTA6MDAgQU0=	LQ==	LQ==	0	QWN0aXZl	bGlhbS5qb2huc29uQGVtYWlsLmNvbQ==	Kzk3MCA1OSAxMTQgMTAxNA==	L2ltYWdlcy92ZWhpY2xlcy9WTS0wMDE1LmpwZw==	Qk1XIE01IFRvdXJpbmc=	V0JBVk1WTTAwMTVCTVdNNVQ=	2640	0	440
RENTAL	Uk5ULTEwMTY=	Sm9obiBEb2U=	Qk1XIGk1IE02MCBTZWRhbg==	SXNsZSBvZiBNYW4gR3JlZW4=	MTAgSnVsIDIwMjYKMTA6MDAgQU0=	LQ==	LQ==	0	QWN0aXZl	am9obi5kb2VAZW1haWwuY29t	Kzk3MCA1OSAxMTUgMTAxNQ==	L2ltYWdlcy92ZWhpY2xlcy9WTS0wMDE2LmpwZw==	Qk1XIGk1IE02MCBTZWRhbg==	V0JBVk1WTTAwMTZCTVdJNU0=	630	300	315
RENTAL	Uk5ULTEwMTc=	TWljaGFlbCBTbWl0aA==	Qk1XIGk1IE02MCBUb3VyaW5n	SXNsZSBvZiBNYW4gR3JlZW4=	MTEgSnVsIDIwMjYKMTA6MDAgQU0=	LQ==	LQ==	0	QWN0aXZl	bWljaGFlbC5zbWl0aEBlbWFpbC5jb20=	Kzk3MCA1OSAxMTYgMTAxNg==	L2ltYWdlcy92ZWhpY2xlcy9WTS0wMDE3LmpwZw==	Qk1XIGk1IE02MCBUb3VyaW5n	V0JBVk1WTTAwMTdCTVdJNU0=	975	0	325
RENTAL	Uk5ULTEwMTg=	U2FyYWggSm9obnNvbg==	Qk1XIE00IENvdXBl	QWxwaW5lIFdoaXRl	MTIgSnVsIDIwMjYKMTA6MDAgQU0=	LQ==	LQ==	0	QWN0aXZl	c2FyYWguam9obnNvbkBlbWFpbC5jb20=	Kzk3MCA1OSAxMTcgMTAxNw==	L2ltYWdlcy92ZWhpY2xlcy9WTS0wMDE4LmpwZw==	Qk1XIE00IENvdXBl	V0JBVk1WTTAwMThCTVdNNEM=	1440	0	360
RENTAL	Uk5ULTEwMTk=	RGF2aWQgQnJvd24=	Qk1XIE00IENvbXBldGl0aW9uIENvdXBl	UG9ydGltYW8gQmx1ZQ==	MTMgSnVsIDIwMjYKMTA6MDAgQU0=	MDUgSnVsIDIwMjYKOTo0NSBBTQ==	LQ==	0	UmV0dXJuZWQ=	ZGF2aWQuYnJvd25AZW1haWwuY29t	Kzk3MCA1OSAxMTggMTAxOA==	L2ltYWdlcy92ZWhpY2xlcy9WTS0wMDE5LmpwZw==	Qk1XIE00IENvbXBldGl0aW9uIENvdXBl	V0JBVk1WTTAwMTlCTVdNNEM=	1975	300	395
RENTAL	Uk5ULTEwMjA=	RW1pbHkgRGF2aXM=	Qk1XIE00IENvbXBldGl0aW9uIENvbnZlcnRpYmxl	QmxhY2sgU2FwcGhpcmU=	MTQgSnVsIDIwMjYKMTA6MDAgQU0=	LQ==	MmggMzBt	145	TGF0ZQ==	ZW1pbHkuZGF2aXNAZW1haWwuY29t	Kzk3MCA1OSAxMTkgMTAxOQ==	L2ltYWdlcy92ZWhpY2xlcy9WTS0wMDIwLmpwZw==	Qk1XIE00IENvbXBldGl0aW9uIENvbnZlcnRpYmxl	V0JBVk1WTTAwMjBCTVdNNEM=	2460	0	410
RENTAL	Uk5ULTEwMjE=	SmFtZXMgV2lsc29u	Qk1XIE00NDBpIEdyYW4gQ291cGU=	QWxwaW5lIFdoaXRl	MDUgSnVsIDIwMjYKMTA6MDAgQU0=	LQ==	LQ==	0	QWN0aXZl	amFtZXMud2lsc29uQGVtYWlsLmNvbQ==	Kzk3MCA1OSAxMjAgMTAyMA==	L2ltYWdlcy92ZWhpY2xlcy9WTS0wMDIxLmpwZw==	Qk1XIE00NDBpIEdyYW4gQ291cGU=	V0JBVk1WTTAwMjFCTVdNNDQ=	550	0	275
RENTAL	Uk5ULTEwMjI=	T2xpdmlhIE1hcnRpbmV6	Qk1XIGk0IE02MCB4RHJpdmU=	SXNsZSBvZiBNYW4gR3JlZW4=	MDYgSnVsIDIwMjYKMTA6MDAgQU0=	LQ==	LQ==	0	QWN0aXZl	b2xpdmlhLm1hcnRpbmV6QGVtYWlsLmNvbQ==	Kzk3MCA1OSAxMjEgMTAyMQ==	L2ltYWdlcy92ZWhpY2xlcy9WTS0wMDIyLmpwZw==	Qk1XIGk0IE02MCB4RHJpdmU=	V0JBVk1WTTAwMjJCTVdJNE0=	885	300	295
RENTAL	Uk5ULTEwMjM=	RGFuaWVsIFdoaXRl	Qk1XIE0zIFNlZGFu	QWxwaW5lIFdoaXRl	MDcgSnVsIDIwMjYKMTA6MDAgQU0=	LQ==	LQ==	0	QWN0aXZl	ZGFuaWVsLndoaXRlQGVtYWlsLmNvbQ==	Kzk3MCA1OSAxMjIgMTAyMg==	L2ltYWdlcy92ZWhpY2xlcy9WTS0wMDIzLmpwZw==	Qk1XIE0zIFNlZGFu	V0JBVk1WTTAwMjNCTVdNM1M=	1400	0	350
RENTAL	Uk5ULTEwMjQ=	TGluYSBLaGFsZWQ=	Qk1XIE0zIENvbXBldGl0aW9uIFNlZGFu	VGh1bmRlcm5pZ2h0IFB1cnBsZQ==	MDggSnVsIDIwMjYKMTA6MDAgQU0=	LQ==	LQ==	0	QWN0aXZl	bGluYS5raGFsZWRAZW1haWwuY29t	Kzk3MCA1OSAxMjMgMTAyMw==	L2ltYWdlcy92ZWhpY2xlcy9WTS0wMDI0LmpwZw==	Qk1XIE0zIENvbXBldGl0aW9uIFNlZGFu	V0JBVk1WTTAwMjRCTVdNM0M=	1925	0	385
RENTAL	Uk5ULTEwMjU=	QWRhbSBOYXNlcg==	Qk1XIE0zIENvbXBldGl0aW9uIFRvdXJpbmc=	RnJvemVuIEdyZXk=	MDkgSnVsIDIwMjYKMTA6MDAgQU0=	MDUgSnVsIDIwMjYKOTo0NSBBTQ==	LQ==	0	UmV0dXJuZWQ=	YWRhbS5uYXNlckBlbWFpbC5jb20=	Kzk3MCA1OSAxMjQgMTAyNA==	L2ltYWdlcy92ZWhpY2xlcy9WTS0wMDI1LmpwZw==	Qk1XIE0zIENvbXBldGl0aW9uIFRvdXJpbmc=	V0JBVk1WTTAwMjVCTVdNM0M=	2400	300	400
RENTAL	Uk5ULTEwMjY=	TWF5YSBTYWxlaA==	Qk1XIE0zNDBpIFNlZGFu	QWxwaW5lIFdoaXRl	MTAgSnVsIDIwMjYKMTA6MDAgQU0=	LQ==	MmggMzBt	95	TGF0ZQ==	bWF5YS5zYWxlaEBlbWFpbC5jb20=	Kzk3MCA1OSAxMjUgMTAyNQ==	L2ltYWdlcy92ZWhpY2xlcy9WTS0wMDI2LmpwZw==	Qk1XIE0zNDBpIFNlZGFu	V0JBVk1WTTAwMjZCTVdNMzQ=	490	0	245
RENTAL	Uk5ULTEwMjc=	UmFtaSBIYXNhbg==	Qk1XIE0y	QmxhY2sgU2FwcGhpcmU=	MTEgSnVsIDIwMjYKMTA6MDAgQU0=	LQ==	LQ==	0	QWN0aXZl	cmFtaS5oYXNhbkBlbWFpbC5jb20=	Kzk3MCA1OSAxMjYgMTAyNg==	L2ltYWdlcy92ZWhpY2xlcy9WTS0wMDI3LmpwZw==	Qk1XIE0y	V0JBVk1WTTAwMjdCTVdNMlg=	900	0	300
RENTAL	Uk5ULTEwMjg=	Tm9haCBBbmRlcnNvbg==	Qk1XIE0yIENT	QmxhY2sgU2FwcGhpcmU=	MTIgSnVsIDIwMjYKMTA6MDAgQU0=	LQ==	LQ==	0	QWN0aXZl	bm9haC5hbmRlcnNvbkBlbWFpbC5jb20=	Kzk3MCA1OSAxMjcgMTAyNw==	L2ltYWdlcy92ZWhpY2xlcy9WTS0wMDI4LmpwZw==	Qk1XIE0yIENT	V0JBVk1WTTAwMjhCTVdNMkM=	1360	300	340
RENTAL	Uk5ULTEwMjk=	QXZhIFRob21wc29u	Qk1XIFo0IE00MGk=	QmxhY2sgU2FwcGhpcmU=	MTMgSnVsIDIwMjYKMTA6MDAgQU0=	LQ==	LQ==	0	QWN0aXZl	YXZhLnRob21wc29uQGVtYWlsLmNvbQ==	Kzk3MCA1OSAxMjggMTAyOA==	L2ltYWdlcy92ZWhpY2xlcy9WTS0wMDI5LmpwZw==	Qk1XIFo0IE00MGk=	V0JBVk1WTTAwMjlCTVdaNE0=	1425	0	285
RENTAL	Uk5ULTEwMzA=	TGlhbSBKb2huc29u	Qk1XIFo0IEZpbmFsIEVkaXRpb24=	QWxwaW5lIFdoaXRl	MTQgSnVsIDIwMjYKMTA6MDAgQU0=	LQ==	LQ==	0	QWN0aXZl	bGlhbS5qb2huc29uQGVtYWlsLmNvbQ==	Kzk3MCA1OSAxMjkgMTAyOQ==	L2ltYWdlcy92ZWhpY2xlcy9WTS0wMDMwLmpwZw==	Qk1XIFo0IEZpbmFsIEVkaXRpb24=	V0JBVk1WTTAwMzBCTVdaNEY=	1860	0	310
